date,leg,x_au,y_au,z_au,dist_sun_au,speed_kms,dist_earth_au
1977-09-05,1,0.96226,-0.30091,-2e-05,1.0082,39.825,0.0
1977-09-09,1,0.98775,-0.21151,0.00166,1.0101,39.782,0.0241
1977-09-13,1,1.00861,-0.12111,0.00332,1.0159,39.658,0.048
1977-09-17,1,1.02483,-0.03016,0.00497,1.0253,39.455,0.0718
1977-09-21,1,1.03644,0.06093,0.00659,1.0383,39.18,0.0953
1977-09-25,1,1.04358,0.15177,0.00819,1.0546,38.841,0.1186
1977-09-29,1,1.04641,0.24198,0.00975,1.0741,38.446,0.1417
1977-10-03,1,1.04516,0.33125,0.01128,1.0965,38.005,0.1646
1977-10-07,1,1.04007,0.4193,0.01276,1.1215,37.527,0.1876
1977-10-11,1,1.03141,0.50592,0.0142,1.1489,37.02,0.2108
1977-10-15,1,1.01947,0.59093,0.0156,1.1785,36.494,0.2345
1977-10-19,1,1.0045,0.6742,0.01695,1.2099,35.953,0.259
1977-10-24,1,0.98679,0.75562,0.01825,1.243,35.406,0.2846
1977-10-28,1,0.96659,0.83515,0.01951,1.2776,34.857,0.3116
1977-11-01,1,0.94415,0.91273,0.02072,1.3134,34.309,0.3404
1977-11-05,1,0.91968,0.98837,0.02189,1.3502,33.767,0.3711
1977-11-09,1,0.89341,1.06207,0.02301,1.3881,33.233,0.4041
1977-11-13,1,0.86552,1.13384,0.0241,1.4266,32.709,0.4396
1977-11-17,1,0.83618,1.20373,0.02514,1.4659,32.196,0.4778
1977-11-21,1,0.80556,1.27176,0.02614,1.5057,31.695,0.5187
1977-11-25,1,0.7738,1.33799,0.02711,1.5459,31.208,0.5626
1977-11-29,1,0.74102,1.40247,0.02804,1.5865,30.734,0.6094
1977-12-03,1,0.70734,1.46525,0.02894,1.6273,30.274,0.6591
1977-12-07,1,0.67286,1.52639,0.0298,1.6684,29.827,0.7119
1977-12-11,1,0.63769,1.58593,0.03064,1.7096,29.394,0.7676
1977-12-15,1,0.60189,1.64394,0.03144,1.7509,28.974,0.8263
1977-12-19,1,0.56555,1.70046,0.03222,1.7923,28.568,0.8877
1977-12-23,1,0.52874,1.75556,0.03296,1.8337,28.174,0.9519
1977-12-27,1,0.49151,1.80927,0.03369,1.8751,27.792,1.0188
1977-12-31,1,0.45392,1.86166,0.03439,1.9165,27.422,1.0882
1978-01-04,1,0.41601,1.91277,0.03506,1.9578,27.064,1.16
1978-01-08,1,0.37784,1.96264,0.03571,1.999,26.716,1.2341
1978-01-12,1,0.33944,2.01132,0.03634,2.0401,26.38,1.3104
1978-01-16,1,0.30084,2.05886,0.03695,2.0811,26.053,1.3888
1978-01-21,1,0.26208,2.10529,0.03754,2.1219,25.737,1.4691
1978-01-25,1,0.22319,2.15066,0.03811,2.1625,25.429,1.5511
1978-01-29,1,0.18419,2.19499,0.03866,2.203,25.131,1.6347
1978-02-02,1,0.14511,2.23834,0.0392,2.2434,24.841,1.7198
1978-02-06,1,0.10597,2.28072,0.03972,2.2835,24.56,1.8062
1978-02-10,1,0.06678,2.32217,0.04022,2.3235,24.286,1.8938
1978-02-14,1,0.02757,2.36273,0.0407,2.3632,24.02,1.9824
1978-02-18,1,-0.01165,2.40242,0.04118,2.4028,23.762,2.0718
1978-02-22,1,-0.05087,2.44127,0.04163,2.4422,23.51,2.162
1978-02-26,1,-0.09008,2.47932,0.04208,2.4813,23.265,2.2527
1978-03-02,1,-0.12925,2.51657,0.04251,2.5202,23.026,2.3438
1978-03-06,1,-0.16839,2.55307,0.04292,2.559,22.794,2.4351
1978-03-10,1,-0.20747,2.58882,0.04333,2.5975,22.567,2.5266
1978-03-14,1,-0.2465,2.62387,0.04372,2.6358,22.346,2.618
1978-03-18,1,-0.28546,2.65822,0.0441,2.6739,22.13,2.7092
1978-03-22,1,-0.32436,2.69189,0.04447,2.7117,21.92,2.8001
1978-03-26,1,-0.36317,2.72491,0.04483,2.7494,21.715,2.8905
1978-03-30,1,-0.4019,2.7573,0.04518,2.7868,21.514,2.9803
1978-04-03,1,-0.44054,2.78907,0.04552,2.824,21.318,3.0693
1978-04-07,1,-0.47908,2.82024,0.04585,2.861,21.127,3.1574
1978-04-11,1,-0.51753,2.85083,0.04617,2.8978,20.94,3.2444
1978-04-15,1,-0.55587,2.88085,0.04648,2.9344,20.757,3.3303
1978-04-19,1,-0.5941,2.91032,0.04678,2.9707,20.578,3.415
1978-04-24,1,-0.63223,2.93925,0.04707,3.0068,20.403,3.4981
1978-04-28,1,-0.67024,2.96766,0.04735,3.0428,20.231,3.5798
1978-05-02,1,-0.70814,2.99556,0.04763,3.0785,20.063,3.6598
1978-05-06,1,-0.74592,3.02296,0.0479,3.114,19.899,3.738
1978-05-10,1,-0.78359,3.04988,0.04816,3.1493,19.738,3.8144
1978-05-14,1,-0.82113,3.07632,0.04841,3.1844,19.58,3.8887
1978-05-18,1,-0.85854,3.10231,0.04866,3.2193,19.425,3.961
1978-05-22,1,-0.89583,3.12784,0.0489,3.254,19.273,4.031
1978-05-26,1,-0.933,3.15293,0.04913,3.2884,19.124,4.0988
1978-05-30,1,-0.97004,3.1776,0.04935,3.3227,18.978,4.1642
1978-06-03,1,-1.00695,3.20184,0.04957,3.3568,18.835,4.2271
1978-06-07,1,-1.04373,3.22568,0.04978,3.3907,18.694,4.2874
1978-06-11,1,-1.08039,3.24911,0.04999,3.4244,18.556,4.3451
1978-06-15,1,-1.11691,3.27215,0.05019,3.4579,18.42,4.4001
1978-06-19,1,-1.1533,3.29481,0.05038,3.4912,18.287,4.4523
1978-06-23,1,-1.18956,3.3171,0.05057,3.5243,18.156,4.5017
1978-06-27,1,-1.22569,3.33902,0.05076,3.5572,18.027,4.5481
1978-07-01,1,-1.26169,3.36058,0.05093,3.59,17.9,4.5915
1978-07-05,1,-1.29756,3.38178,0.05111,3.6225,17.776,4.6319
1978-07-09,1,-1.33329,3.40265,0.05127,3.6549,17.653,4.6693
1978-07-13,1,-1.36889,3.42317,0.05143,3.6871,17.533,4.7035
1978-07-17,1,-1.40436,3.44337,0.05159,3.7191,17.415,4.7345
1978-07-22,1,-1.4397,3.46324,0.05174,3.7509,17.298,4.7624
1978-07-26,1,-1.4749,3.48279,0.05189,3.7826,17.183,4.787
1978-07-30,1,-1.50998,3.50203,0.05203,3.814,17.07,4.8084
1978-08-03,1,-1.54492,3.52097,0.05217,3.8454,16.959,4.8265
1978-08-07,1,-1.57973,3.53961,0.0523,3.8765,16.849,4.8414
1978-08-11,1,-1.61441,3.55795,0.05243,3.9074,16.741,4.853
1978-08-15,1,-1.64895,3.576,0.05256,3.9382,16.635,4.8614
1978-08-19,1,-1.68337,3.59377,0.05268,3.9688,16.53,4.8665
1978-08-23,1,-1.71766,3.61127,0.0528,3.9993,16.427,4.8685
1978-08-27,1,-1.75181,3.62849,0.05291,4.0296,16.325,4.8673
1978-08-31,1,-1.78584,3.64544,0.05302,4.0597,16.225,4.8629
1978-09-04,1,-1.81974,3.66212,0.05312,4.0897,16.126,4.8555
1978-09-08,1,-1.85351,3.67855,0.05322,4.1195,16.028,4.845
1978-09-12,1,-1.88715,3.69472,0.05332,4.1491,15.932,4.8317
1978-09-16,1,-1.92066,3.71065,0.05342,4.1786,15.837,4.8155
1978-09-20,1,-1.95405,3.72632,0.05351,4.2079,15.743,4.7965
1978-09-24,1,-1.9873,3.74176,0.05359,4.2371,15.651,4.7749
1978-09-28,1,-2.02044,3.75695,0.05368,4.2661,15.559,4.7508
1978-10-02,1,-2.05344,3.77191,0.05376,4.295,15.469,4.7244
1978-10-06,1,-2.08632,3.78665,0.05383,4.3237,15.38,4.6957
1978-10-10,1,-2.11908,3.80115,0.05391,4.3523,15.293,4.665
1978-10-14,1,-2.15171,3.81543,0.05398,4.3807,15.206,4.6325
1978-10-18,1,-2.18422,3.82949,0.05404,4.4089,15.12,4.5983
1978-10-23,1,-2.2166,3.84334,0.05411,4.4371,15.036,4.5627
1978-10-27,1,-2.24886,3.85697,0.05417,4.465,14.952,4.5259
1978-10-31,1,-2.281,3.8704,0.05423,4.4929,14.87,4.4881
1978-11-04,1,-2.31302,3.88361,0.05428,4.5206,14.788,4.4497
1978-11-08,1,-2.34492,3.89662,0.05434,4.5481,14.707,4.411
1978-11-12,1,-2.37669,3.90944,0.05439,4.5755,14.628,4.3722
1978-11-16,1,-2.40835,3.92205,0.05443,4.6028,14.549,4.3336
1978-11-20,1,-2.43988,3.93447,0.05448,4.6299,14.471,4.2957
1978-11-24,1,-2.4713,3.9467,0.05452,4.6569,14.394,4.2587
1978-11-28,1,-2.5026,3.95874,0.05456,4.6838,14.318,4.223
1978-12-02,1,-2.53378,3.97059,0.0546,4.7105,14.243,4.189
1978-12-06,1,-2.56484,3.98226,0.05463,4.7371,14.168,4.1571
1978-12-10,1,-2.59579,3.99375,0.05466,4.7635,14.095,4.1276
1978-12-14,1,-2.62662,4.00506,0.05469,4.7898,14.022,4.101
1978-12-18,1,-2.65733,4.01619,0.05472,4.816,13.95,4.0776
1978-12-22,1,-2.68793,4.02715,0.05474,4.8421,13.879,4.0577
1978-12-26,1,-2.71841,4.03793,0.05476,4.868,13.808,4.0418
1978-12-30,1,-2.74878,4.04855,0.05478,4.8938,13.739,4.0301
1979-01-03,1,-2.77904,4.059,0.0548,4.9195,13.67,4.0229
1979-01-07,1,-2.80919,4.06928,0.05482,4.9451,13.601,4.0205
1979-01-11,1,-2.83922,4.0794,0.05483,4.9705,13.534,4.0231
1979-01-15,1,-2.86914,4.08937,0.05484,4.9958,13.467,4.031
1979-01-20,1,-2.89894,4.09917,0.05485,5.021,13.4,4.0441
1979-01-24,1,-2.92864,4.10881,0.05486,5.046,13.335,4.0627
1979-01-28,1,-2.95823,4.1183,0.05486,5.071,13.27,4.0868
1979-02-01,1,-2.98771,4.12764,0.05486,5.0958,13.205,4.1163
1979-02-05,1,-3.01707,4.13683,0.05486,5.1205,13.142,4.1512
1979-02-09,1,-3.04633,4.14587,0.05486,5.145,13.078,4.1915
1979-02-13,1,-3.07548,4.15476,0.05486,5.1695,13.016,4.2368
1979-02-17,1,-3.10453,4.1635,0.05485,5.1938,12.954,4.2871
1979-02-21,1,-3.13346,4.1721,0.05485,5.218,12.893,4.3421
1979-02-25,1,-3.16229,4.18056,0.05484,5.2422,12.832,4.4016
1979-03-01,1,-3.19101,4.18888,0.05483,5.2661,12.772,4.4653
1979-03-05,1,-3.21963,4.19706,0.05481,5.29,12.712,4.5329
